customer_id,lead_source,call_status,verification_status,document_upload,bank_forwarded,loan_approved,timestamp
C0001,Referral,Not Picked,N/A,N/A,No,No,2025-06-02 01:59:00
C0002,Website,Connected,Verified,Uploaded,Yes,No,2025-06-21 19:39:00
C0003,Google Ads,Not Picked,N/A,N/A,No,No,2025-06-05 10:42:00
C0004,WhatsApp,Not Picked,N/A,N/A,No,No,2025-06-09 18:51:00
C0005,Google Ads,Connected,Verified,Not Uploaded,No,No,2025-06-04 20:24:00
C0006,Facebook,Connected,Verified,Not Uploaded,No,No,2025-06-11 15:30:00
C0007,Referral,Connected,Verified,Uploaded,Yes,No,2025-06-17 01:04:00
C0008,Facebook,Connected,Not Verified,N/A,No,No,2025-06-02 14:57:00
C0009,Referral,Connected,Verified,Uploaded,No,No,2025-06-06 10:37:00
C0010,Facebook,Connected,Verified,Not Uploaded,No,No,2025-06-15 22:12:00
C0011,Google Ads,Connected,Not Verified,N/A,No,No,2025-06-14 04:02:00
C0012,Referral,Connected,Verified,Uploaded,Yes,Yes,2025-06-06 07:34:00
C0013,WhatsApp,Not Picked,N/A,N/A,No,No,2025-06-13 04:29:00
C0014,Facebook,Connected,Verified,Uploaded,Yes,Yes,2025-06-18 08:33:00
C0015,Facebook,Connected,Verified,Not Uploaded,No,No,2025-06-16 07:13:00
C0016,WhatsApp,Connected,Verified,Uploaded,Yes,Yes,2025-06-12 18:32:00
C0017,Facebook,Connected,Verified,Uploaded,Yes,No,2025-06-05 02:46:00
C0018,Referral,Connected,Verified,Not Uploaded,No,No,2025-06-15 05:29:00
C0019,WhatsApp,Connected,Verified,Uploaded,Yes,Yes,2025-06-10 02:16:00
C0020,Google Ads,Not Picked,N/A,N/A,No,No,2025-06-03 15:17:00
C0021,Referral,Connected,Verified,Not Uploaded,No,No,2025-06-08 09:33:00
C0022,Google Ads,Not Picked,N/A,N/A,No,No,2025-06-20 14:11:00
C0023,Referral,Connected,Verified,Uploaded,Yes,No,2025-06-16 19:51:00
C0024,Referral,Connected,Verified,Not Uploaded,No,No,2025-06-20 15:20:00
C0025,Facebook,Connected,Verified,Not Uploaded,No,No,2025-06-14 20:17:00
C0026,Referral,Connected,Verified,Uploaded,Yes,No,2025-06-05 17:11:00
C0027,Website,Connected,Verified,Uploaded,Yes,No,2025-06-13 01:36:00
C0028,Website,Not Picked,N/A,N/A,No,No,2025-06-15 07:10:00
C0029,Google Ads,Connected,Verified,Uploaded,Yes,Yes,2025-06-10 11:13:00
C0030,WhatsApp,Not Picked,N/A,N/A,No,No,2025-06-16 06:32:00
C0031,Referral,Connected,Verified,Uploaded,Yes,Yes,2025-06-13 18:05:00
C0032,Website,Not Picked,N/A,N/A,No,No,2025-06-10 04:32:00
C0033,Facebook,Connected,Verified,Uploaded,Yes,No,2025-06-13 21:05:00
C0034,Google Ads,Connected,Not Verified,N/A,No,No,2025-06-15 22:40:00
C0035,Facebook,Connected,Not Verified,N/A,No,No,2025-06-18 21:21:00
C0036,Google Ads,Connected,Verified,Not Uploaded,No,No,2025-06-21 12:24:00
C0037,Referral,Connected,Verified,Uploaded,Yes,Yes,2025-06-07 01:02:00
C0038,Website,Connected,Verified,Not Uploaded,No,No,2025-06-06 07:27:00
C0039,Google Ads,Connected,Verified,Uploaded,Yes,No,2025-06-03 04:09:00
C0040,Website,Not Picked,N/A,N/A,No,No,2025-06-02 22:30:00
C0041,Referral,Connected,Verified,Uploaded,Yes,Yes,2025-06-04 22:42:00
C0042,Google Ads,Connected,Verified,Uploaded,No,No,2025-06-18 08:58:00
C0043,Website,Connected,Verified,Uploaded,No,No,2025-06-21 09:30:00
C0044,Referral,Not Picked,N/A,N/A,No,No,2025-06-19 22:44:00
C0045,WhatsApp,Connected,Verified,Uploaded,Yes,No,2025-06-17 13:45:00
C0046,Facebook,Not Picked,N/A,N/A,No,No,2025-06-07 23:57:00
C0047,Facebook,Connected,Not Verified,N/A,No,No,2025-06-19 22:11:00
C0048,Facebook,Not Picked,N/A,N/A,No,No,2025-06-03 16:40:00
C0049,Google Ads,Connected,Verified,Not Uploaded,No,No,2025-06-06 10:23:00
C0050,WhatsApp,Connected,Verified,Uploaded,Yes,No,2025-06-15 11:11:00
C0051,Google Ads,Connected,Verified,Not Uploaded,No,No,2025-06-11 02:37:00
C0052,Referral,Connected,Verified,Not Uploaded,No,No,2025-06-12 05:00:00
C0053,Facebook,Connected,Verified,Uploaded,Yes,No,2025-06-15 19:18:00
C0054,Referral,Connected,Not Verified,N/A,No,No,2025-06-04 08:10:00
C0055,WhatsApp,Connected,Verified,Uploaded,Yes,Yes,2025-06-14 06:07:00
C0056,Facebook,Connected,Verified,Uploaded,Yes,No,2025-06-15 11:35:00
C0057,WhatsApp,Connected,Verified,Not Uploaded,No,No,2025-06-16 02:06:00
C0058,Referral,Connected,Not Verified,N/A,No,No,2025-06-20 02:16:00
C0059,Facebook,Not Picked,N/A,N/A,No,No,2025-06-03 13:16:00
C0060,Referral,Not Picked,N/A,N/A,No,No,2025-06-21 06:30:00
C0061,WhatsApp,Connected,Verified,Not Uploaded,No,No,2025-06-15 07:43:00
C0062,Website,Connected,Not Verified,N/A,No,No,2025-06-07 03:02:00
C0063,WhatsApp,Not Picked,N/A,N/A,No,No,2025-06-18 22:31:00
C0064,Website,Not Picked,N/A,N/A,No,No,2025-06-10 06:37:00
C0065,Website,Connected,Verified,Uploaded,Yes,Yes,2025-06-13 05:40:00
C0066,Website,Connected,Verified,Uploaded,Yes,Yes,2025-06-05 05:10:00
C0067,Referral,Not Picked,N/A,N/A,No,No,2025-06-12 22:32:00
C0068,WhatsApp,Connected,Verified,Uploaded,Yes,No,2025-06-01 13:53:00
C0069,WhatsApp,Connected,Verified,Uploaded,Yes,No,2025-06-07 10:40:00
C0070,WhatsApp,Not Picked,N/A,N/A,No,No,2025-06-06 09:40:00
C0071,Website,Connected,Verified,Uploaded,Yes,No,2025-06-04 16:45:00
C0072,WhatsApp,Connected,Verified,Not Uploaded,No,No,2025-06-13 03:51:00
C0073,WhatsApp,Connected,Verified,Uploaded,Yes,Yes,2025-06-09 01:58:00
C0074,WhatsApp,Not Picked,N/A,N/A,No,No,2025-06-03 12:37:00
C0075,Referral,Connected,Verified,Uploaded,Yes,Yes,2025-06-10 15:42:00
C0076,Referral,Connected,Verified,Uploaded,Yes,Yes,2025-06-05 13:49:00
C0077,Facebook,Connected,Verified,Not Uploaded,No,No,2025-06-13 06:59:00
C0078,Website,Not Picked,N/A,N/A,No,No,2025-06-11 06:12:00
C0079,Referral,Connected,Verified,Uploaded,Yes,Yes,2025-06-20 16:52:00
C0080,WhatsApp,Connected,Verified,Uploaded,Yes,Yes,2025-06-09 12:53:00
C0081,WhatsApp,Connected,Verified,Not Uploaded,No,No,2025-06-07 16:40:00
C0082,Website,Not Picked,N/A,N/A,No,No,2025-06-17 19:06:00
C0083,WhatsApp,Not Picked,N/A,N/A,No,No,2025-06-05 22:12:00
C0084,Facebook,Connected,Verified,Not Uploaded,No,No,2025-06-12 03:54:00
C0085,Google Ads,Connected,Verified,Uploaded,Yes,No,2025-06-04 16:10:00
C0086,Facebook,Connected,Verified,Not Uploaded,No,No,2025-06-12 02:31:00
C0087,Google Ads,Connected,Not Verified,N/A,No,No,2025-06-17 22:14:00
C0088,Facebook,Connected,Not Verified,N/A,No,No,2025-06-07 19:46:00
C0089,Facebook,Not Picked,N/A,N/A,No,No,2025-06-07 18:50:00
C0090,Google Ads,Connected,Verified,Uploaded,Yes,No,2025-06-09 19:12:00
C0091,Referral,Connected,Verified,Uploaded,Yes,No,2025-06-11 08:46:00
C0092,Google Ads,Connected,Not Verified,N/A,No,No,2025-06-10 01:50:00
C0093,WhatsApp,Connected,Not Verified,N/A,No,No,2025-06-21 18:46:00
C0094,WhatsApp,Not Picked,N/A,N/A,No,No,2025-06-19 08:16:00
C0095,WhatsApp,Not Picked,N/A,N/A,No,No,2025-06-01 03:05:00
C0096,Google Ads,Connected,Not Verified,N/A,No,No,2025-06-03 19:52:00
C0097,Google Ads,Connected,Not Verified,N/A,No,No,2025-06-09 16:56:00
C0098,Website,Connected,Verified,Not Uploaded,No,No,2025-06-12 21:33:00
C0099,Google Ads,Connected,Verified,Not Uploaded,No,No,2025-06-01 08:18:00
C0100,WhatsApp,Connected,Not Verified,N/A,No,No,2025-06-18 16:05:00
C0101,Google Ads,Not Picked,N/A,N/A,No,No,2025-06-14 09:02:00
C0102,Google Ads,Connected,Verified,Not Uploaded,No,No,2025-06-18 12:51:00
C0103,Website,Connected,Verified,Uploaded,Yes,Yes,2025-06-19 19:22:00
C0104,Google Ads,Connected,Verified,Uploaded,Yes,Yes,2025-06-05 17:20:00
C0105,Facebook,Not Picked,N/A,N/A,No,No,2025-06-10 00:45:00
C0106,Google Ads,Connected,Not Verified,N/A,No,No,2025-06-15 01:22:00
C0107,Facebook,Connected,Verified,Uploaded,No,No,2025-06-21 07:55:00
C0108,Website,Not Picked,N/A,N/A,No,No,2025-06-12 21:50:00
C0109,Google Ads,Connected,Verified,Uploaded,Yes,Yes,2025-06-07 07:51:00
C0110,Website,Connected,Verified,Uploaded,No,No,2025-06-06 10:44:00
C0111,Referral,Not Picked,N/A,N/A,No,No,2025-06-05 17:01:00
C0112,Google Ads,Connected,Verified,Not Uploaded,No,No,2025-06-02 02:56:00
C0113,WhatsApp,Connected,Not Verified,N/A,No,No,2025-06-17 06:02:00
C0114,WhatsApp,Connected,Not Verified,N/A,No,No,2025-06-14 20:56:00
C0115,Google Ads,Connected,Verified,Uploaded,Yes,No,2025-06-16 12:50:00
C0116,Google Ads,Connected,Verified,Uploaded,No,No,2025-06-13 20:30:00
C0117,Website,Connected,Not Verified,N/A,No,No,2025-06-02 13:13:00
C0118,Referral,Not Picked,N/A,N/A,No,No,2025-06-12 23:59:00
C0119,WhatsApp,Connected,Verified,Uploaded,Yes,No,2025-06-17 02:44:00
C0120,Referral,Connected,Verified,Not Uploaded,No,No,2025-06-07 15:10:00
C0121,Facebook,Connected,Not Verified,N/A,No,No,2025-06-04 21:24:00
C0122,WhatsApp,Connected,Verified,Uploaded,Yes,Yes,2025-06-19 05:40:00
C0123,Google Ads,Connected,Verified,Uploaded,Yes,No,2025-06-03 13:07:00
C0124,WhatsApp,Connected,Verified,Not Uploaded,No,No,2025-06-01 07:21:00
C0125,WhatsApp,Not Picked,N/A,N/A,No,No,2025-06-18 02:23:00
C0126,Facebook,Connected,Verified,Not Uploaded,No,No,2025-06-05 04:57:00
C0127,Website,Connected,Verified,Uploaded,Yes,No,2025-06-08 22:38:00
C0128,WhatsApp,Not Picked,N/A,N/A,No,No,2025-06-19 09:32:00
C0129,Google Ads,Connected,Verified,Uploaded,Yes,No,2025-06-03 02:36:00
C0130,Referral,Connected,Verified,Uploaded,Yes,No,2025-06-15 23:21:00
C0131,Website,Connected,Verified,Uploaded,Yes,Yes,2025-06-10 06:46:00
C0132,Google Ads,Connected,Verified,Uploaded,Yes,Yes,2025-06-06 18:52:00
C0133,WhatsApp,Not Picked,N/A,N/A,No,No,2025-06-14 22:26:00
C0134,Google Ads,Connected,Verified,Not Uploaded,No,No,2025-06-13 16:55:00
C0135,Facebook,Connected,Verified,Not Uploaded,No,No,2025-06-17 23:38:00
C0136,WhatsApp,Not Picked,N/A,N/A,No,No,2025-06-07 01:41:00
C0137,Google Ads,Connected,Verified,Uploaded,Yes,Yes,2025-06-07 08:24:00
C0138,WhatsApp,Not Picked,N/A,N/A,No,No,2025-06-13 07:06:00
C0139,Google Ads,Connected,Verified,Uploaded,Yes,Yes,2025-06-21 02:27:00
C0140,Google Ads,Connected,Verified,Not Uploaded,No,No,2025-06-08 17:09:00
C0141,Facebook,Connected,Not Verified,N/A,No,No,2025-06-05 21:30:00
C0142,Facebook,Connected,Verified,Uploaded,Yes,Yes,2025-06-15 22:22:00
C0143,WhatsApp,Connected,Verified,Uploaded,No,No,2025-06-04 17:33:00
C0144,Google Ads,Not Picked,N/A,N/A,No,No,2025-06-20 03:30:00
C0145,Website,Connected,Not Verified,N/A,No,No,2025-06-10 06:06:00
C0146,Facebook,Connected,Verified,Uploaded,Yes,Yes,2025-06-20 06:19:00
C0147,Referral,Not Picked,N/A,N/A,No,No,2025-06-08 00:35:00
C0148,Google Ads,Connected,Not Verified,N/A,No,No,2025-06-19 20:57:00
C0149,WhatsApp,Connected,Verified,Uploaded,Yes,Yes,2025-06-07 07:17:00
C0150,Facebook,Connected,Verified,Uploaded,Yes,No,2025-06-14 18:57:00
C0151,Facebook,Connected,Not Verified,N/A,No,No,2025-06-09 23:42:00
C0152,Website,Connected,Verified,Uploaded,Yes,Yes,2025-06-15 05:18:00
C0153,Facebook,Connected,Verified,Uploaded,No,No,2025-06-06 13:24:00
C0154,Website,Not Picked,N/A,N/A,No,No,2025-06-08 20:44:00
C0155,Website,Connected,Verified,Uploaded,No,No,2025-06-04 22:56:00
C0156,Google Ads,Connected,Verified,Uploaded,No,No,2025-06-02 02:01:00
C0157,Referral,Connected,Verified,Not Uploaded,No,No,2025-06-14 21:20:00
C0158,WhatsApp,Connected,Verified,Uploaded,Yes,Yes,2025-06-19 10:17:00
C0159,Facebook,Connected,Verified,Uploaded,Yes,No,2025-06-14 04:24:00
C0160,Referral,Connected,Not Verified,N/A,No,No,2025-06-17 02:52:00
C0161,Google Ads,Connected,Verified,Uploaded,No,No,2025-06-11 16:30:00
C0162,WhatsApp,Connected,Verified,Uploaded,Yes,Yes,2025-06-12 05:24:00
C0163,Website,Connected,Verified,Not Uploaded,No,No,2025-06-08 22:37:00
C0164,Google Ads,Connected,Verified,Uploaded,Yes,Yes,2025-06-16 04:50:00
C0165,Facebook,Connected,Verified,Uploaded,Yes,Yes,2025-06-13 18:34:00
C0166,Facebook,Connected,Verified,Uploaded,No,No,2025-06-10 15:55:00
C0167,Google Ads,Connected,Verified,Uploaded,No,No,2025-06-10 10:19:00
C0168,Google Ads,Connected,Not Verified,N/A,No,No,2025-06-05 09:05:00
C0169,WhatsApp,Connected,Verified,Uploaded,Yes,Yes,2025-06-01 02:15:00
C0170,Google Ads,Connected,Verified,Not Uploaded,No,No,2025-06-04 11:22:00
C0171,Facebook,Not Picked,N/A,N/A,No,No,2025-06-08 13:17:00
C0172,Facebook,Connected,Not Verified,N/A,No,No,2025-06-04 23:54:00
C0173,WhatsApp,Connected,Verified,Uploaded,No,No,2025-06-01 08:00:00
C0174,WhatsApp,Not Picked,N/A,N/A,No,No,2025-06-03 20:07:00
C0175,Google Ads,Connected,Verified,Not Uploaded,No,No,2025-06-16 11:50:00
C0176,Website,Connected,Verified,Not Uploaded,No,No,2025-06-13 03:02:00
C0177,Referral,Connected,Verified,Uploaded,Yes,Yes,2025-06-11 05:45:00
C0178,Facebook,Connected,Verified,Uploaded,Yes,No,2025-06-14 18:53:00
C0179,Website,Connected,Not Verified,N/A,No,No,2025-06-15 05:49:00
C0180,Website,Connected,Verified,Uploaded,Yes,No,2025-06-15 13:54:00
C0181,Facebook,Connected,Verified,Not Uploaded,No,No,2025-06-05 11:58:00
C0182,Referral,Connected,Verified,Uploaded,Yes,Yes,2025-06-01 12:56:00
C0183,Google Ads,Connected,Verified,Uploaded,Yes,Yes,2025-06-11 03:27:00
C0184,Google Ads,Not Picked,N/A,N/A,No,No,2025-06-02 20:07:00
C0185,WhatsApp,Connected,Not Verified,N/A,No,No,2025-06-18 02:04:00
C0186,Google Ads,Connected,Not Verified,N/A,No,No,2025-06-01 09:01:00
C0187,WhatsApp,Connected,Verified,Uploaded,Yes,Yes,2025-06-12 05:40:00
C0188,Facebook,Not Picked,N/A,N/A,No,No,2025-06-14 00:30:00
C0189,Referral,Connected,Verified,Uploaded,No,No,2025-06-08 23:36:00
C0190,Referral,Connected,Verified,Uploaded,Yes,Yes,2025-06-06 13:42:00
C0191,Facebook,Connected,Verified,Not Uploaded,No,No,2025-06-17 05:22:00
C0192,Google Ads,Connected,Verified,Uploaded,Yes,Yes,2025-06-12 21:50:00
C0193,Referral,Connected,Verified,Uploaded,Yes,Yes,2025-06-21 16:34:00
C0194,WhatsApp,Connected,Verified,Uploaded,Yes,No,2025-06-16 07:49:00
C0195,Facebook,Not Picked,N/A,N/A,No,No,2025-06-04 08:14:00
C0196,WhatsApp,Not Picked,N/A,N/A,No,No,2025-06-21 11:15:00
C0197,WhatsApp,Not Picked,N/A,N/A,No,No,2025-06-13 01:15:00
C0198,Referral,Connected,Not Verified,N/A,No,No,2025-06-17 01:06:00
C0199,Google Ads,Connected,Verified,Uploaded,No,No,2025-06-01 06:31:00
C0200,WhatsApp,Not Picked,N/A,N/A,No,No,2025-06-18 11:17:00
C0201,Google Ads,Connected,Verified,Uploaded,Yes,Yes,2025-06-02 00:08:00
C0202,Facebook,Connected,Not Verified,N/A,No,No,2025-06-05 23:26:00
C0203,Referral,Not Picked,N/A,N/A,No,No,2025-06-04 11:15:00
C0204,Referral,Connected,Verified,Uploaded,Yes,Yes,2025-06-16 03:33:00
C0205,Facebook,Not Picked,N/A,N/A,No,No,2025-06-21 19:54:00
C0206,Facebook,Connected,Verified,Uploaded,No,No,2025-06-12 10:04:00
C0207,Facebook,Connected,Not Verified,N/A,No,No,2025-06-11 07:40:00
C0208,Google Ads,Connected,Verified,Uploaded,Yes,No,2025-06-08 10:24:00
C0209,Facebook,Connected,Verified,Uploaded,Yes,No,2025-06-05 11:47:00
C0210,WhatsApp,Connected,Verified,Uploaded,No,No,2025-06-07 07:04:00
C0211,Website,Connected,Verified,Not Uploaded,No,No,2025-06-20 20:09:00
C0212,Website,Connected,Verified,Uploaded,Yes,No,2025-06-17 16:17:00
C0213,Referral,Not Picked,N/A,N/A,No,No,2025-06-19 03:26:00
C0214,Website,Connected,Verified,Uploaded,Yes,Yes,2025-06-04 16:37:00
C0215,WhatsApp,Connected,Verified,Uploaded,No,No,2025-06-09 10:41:00
C0216,Facebook,Not Picked,N/A,N/A,No,No,2025-06-13 10:13:00
C0217,Google Ads,Connected,Verified,Uploaded,Yes,No,2025-06-07 12:53:00
C0218,Website,Not Picked,N/A,N/A,No,No,2025-06-20 13:10:00
C0219,Google Ads,Connected,Verified,Uploaded,No,No,2025-06-18 23:10:00
C0220,Google Ads,Not Picked,N/A,N/A,No,No,2025-06-12 04:40:00
C0221,Google Ads,Connected,Verified,Not Uploaded,No,No,2025-06-20 01:52:00
C0222,WhatsApp,Connected,Not Verified,N/A,No,No,2025-06-12 12:43:00
C0223,WhatsApp,Connected,Not Verified,N/A,No,No,2025-06-12 20:25:00
C0224,Referral,Not Picked,N/A,N/A,No,No,2025-06-08 06:28:00
C0225,Website,Connected,Not Verified,N/A,No,No,2025-06-08 20:20:00
C0226,Referral,Connected,Verified,Uploaded,Yes,Yes,2025-06-06 14:15:00
C0227,Referral,Connected,Verified,Uploaded,No,No,2025-06-08 04:14:00
C0228,Referral,Connected,Verified,Not Uploaded,No,No,2025-06-18 22:50:00
C0229,Facebook,Not Picked,N/A,N/A,No,No,2025-06-09 13:12:00
C0230,Google Ads,Connected,Verified,Not Uploaded,No,No,2025-06-01 09:37:00
C0231,Website,Connected,Not Verified,N/A,No,No,2025-06-17 06:44:00
C0232,Google Ads,Not Picked,N/A,N/A,No,No,2025-06-15 21:22:00
C0233,Facebook,Not Picked,N/A,N/A,No,No,2025-06-02 15:24:00
C0234,Website,Connected,Not Verified,N/A,No,No,2025-06-09 09:09:00
C0235,Website,Not Picked,N/A,N/A,No,No,2025-06-06 03:23:00
C0236,Referral,Connected,Not Verified,N/A,No,No,2025-06-02 15:48:00
C0237,Referral,Connected,Verified,Uploaded,Yes,Yes,2025-06-16 21:02:00
C0238,Website,Connected,Not Verified,N/A,No,No,2025-06-05 03:38:00
C0239,Referral,Connected,Verified,Uploaded,Yes,Yes,2025-06-16 11:04:00
C0240,Facebook,Connected,Verified,Uploaded,Yes,Yes,2025-06-15 03:53:00
C0241,Referral,Connected,Not Verified,N/A,No,No,2025-06-02 18:15:00
C0242,Facebook,Connected,Not Verified,N/A,No,No,2025-06-11 15:19:00
C0243,Website,Connected,Verified,Not Uploaded,No,No,2025-06-11 03:54:00
C0244,Website,Not Picked,N/A,N/A,No,No,2025-06-06 16:26:00
C0245,Website,Connected,Verified,Not Uploaded,No,No,2025-06-12 07:23:00
C0246,Referral,Connected,Verified,Uploaded,No,No,2025-06-18 09:55:00
C0247,Referral,Connected,Not Verified,N/A,No,No,2025-06-21 00:32:00
C0248,Website,Not Picked,N/A,N/A,No,No,2025-06-13 10:19:00
C0249,WhatsApp,Not Picked,N/A,N/A,No,No,2025-06-17 01:49:00
C0250,Website,Not Picked,N/A,N/A,No,No,2025-06-16 18:27:00
C0251,WhatsApp,Connected,Verified,Uploaded,Yes,Yes,2025-06-08 12:44:00
C0252,WhatsApp,Connected,Verified,Uploaded,Yes,Yes,2025-06-03 12:04:00
C0253,Website,Connected,Not Verified,N/A,No,No,2025-06-17 09:09:00
C0254,Website,Connected,Verified,Uploaded,Yes,Yes,2025-06-17 04:39:00
C0255,Google Ads,Connected,Verified,Not Uploaded,No,No,2025-06-12 16:10:00
C0256,Referral,Connected,Verified,Uploaded,Yes,Yes,2025-06-18 01:50:00
C0257,Google Ads,Connected,Verified,Not Uploaded,No,No,2025-06-02 17:09:00
C0258,WhatsApp,Connected,Verified,Uploaded,Yes,Yes,2025-06-05 20:11:00
C0259,Facebook,Connected,Not Verified,N/A,No,No,2025-06-21 10:27:00
C0260,Facebook,Connected,Verified,Uploaded,No,No,2025-06-13 14:07:00
C0261,Referral,Connected,Verified,Uploaded,Yes,Yes,2025-06-06 02:02:00
C0262,Facebook,Connected,Verified,Uploaded,Yes,Yes,2025-06-14 04:00:00
C0263,WhatsApp,Connected,Verified,Uploaded,Yes,Yes,2025-06-19 22:31:00
C0264,Google Ads,Not Picked,N/A,N/A,No,No,2025-06-09 02:04:00
C0265,Facebook,Connected,Verified,Uploaded,Yes,No,2025-06-04 04:17:00
C0266,WhatsApp,Connected,Verified,Uploaded,No,No,2025-06-04 09:18:00
C0267,Referral,Not Picked,N/A,N/A,No,No,2025-06-08 11:47:00
C0268,Google Ads,Not Picked,N/A,N/A,No,No,2025-06-07 21:26:00
C0269,Referral,Connected,Verified,Not Uploaded,No,No,2025-06-08 05:04:00
C0270,Facebook,Connected,Verified,Uploaded,Yes,Yes,2025-06-12 20:42:00
C0271,Referral,Connected,Verified,Not Uploaded,No,No,2025-06-13 23:40:00
C0272,Facebook,Not Picked,N/A,N/A,No,No,2025-06-06 08:54:00
C0273,Referral,Connected,Verified,Uploaded,Yes,No,2025-06-05 05:32:00
C0274,Google Ads,Connected,Verified,Uploaded,Yes,No,2025-06-19 07:26:00
C0275,Referral,Connected,Verified,Uploaded,Yes,Yes,2025-06-16 22:44:00
C0276,Facebook,Connected,Not Verified,N/A,No,No,2025-06-04 14:42:00
C0277,Website,Connected,Not Verified,N/A,No,No,2025-06-13 17:57:00
C0278,Website,Connected,Verified,Uploaded,Yes,No,2025-06-13 04:59:00
C0279,Google Ads,Connected,Verified,Uploaded,Yes,No,2025-06-19 09:30:00
C0280,Website,Connected,Verified,Uploaded,Yes,Yes,2025-06-03 07:45:00
C0281,Website,Connected,Verified,Not Uploaded,No,No,2025-06-10 18:57:00
C0282,Referral,Connected,Verified,Uploaded,Yes,Yes,2025-06-04 13:36:00
C0283,Website,Connected,Verified,Uploaded,Yes,No,2025-06-17 22:16:00
C0284,Referral,Connected,Verified,Uploaded,Yes,No,2025-06-08 22:59:00
C0285,Website,Connected,Verified,Uploaded,No,No,2025-06-12 21:07:00
C0286,WhatsApp,Not Picked,N/A,N/A,No,No,2025-06-09 02:04:00
C0287,Website,Not Picked,N/A,N/A,No,No,2025-06-10 16:33:00
C0288,Website,Connected,Not Verified,N/A,No,No,2025-06-07 14:34:00
C0289,WhatsApp,Connected,Verified,Uploaded,Yes,Yes,2025-06-01 05:33:00
C0290,WhatsApp,Connected,Not Verified,N/A,No,No,2025-06-14 18:15:00
C0291,Facebook,Connected,Verified,Uploaded,Yes,No,2025-06-11 03:52:00
C0292,Referral,Not Picked,N/A,N/A,No,No,2025-06-18 17:27:00
C0293,Facebook,Connected,Verified,Not Uploaded,No,No,2025-06-15 20:09:00
C0294,Facebook,Connected,Verified,Uploaded,Yes,Yes,2025-06-10 15:30:00
C0295,Referral,Connected,Not Verified,N/A,No,No,2025-06-18 18:18:00
C0296,Referral,Connected,Not Verified,N/A,No,No,2025-06-01 14:56:00
C0297,Referral,Connected,Not Verified,N/A,No,No,2025-06-06 07:07:00
C0298,Website,Connected,Verified,Uploaded,Yes,No,2025-06-11 03:55:00
C0299,Website,Connected,Verified,Uploaded,Yes,No,2025-06-18 02:11:00
C0300,Facebook,Connected,Verified,Uploaded,Yes,No,2025-06-17 18:01:00
C0301,Referral,Connected,Verified,Not Uploaded,No,No,2025-06-21 04:50:00
C0302,Google Ads,Connected,Not Verified,N/A,No,No,2025-06-17 21:41:00
C0303,Website,Connected,Not Verified,N/A,No,No,2025-06-10 00:06:00
C0304,Facebook,Not Picked,N/A,N/A,No,No,2025-06-16 21:21:00
C0305,Google Ads,Not Picked,N/A,N/A,No,No,2025-06-01 12:28:00
C0306,WhatsApp,Connected,Not Verified,N/A,No,No,2025-06-19 23:23:00
C0307,Website,Connected,Verified,Uploaded,Yes,Yes,2025-06-06 16:33:00
C0308,Facebook,Not Picked,N/A,N/A,No,No,2025-06-08 20:06:00
C0309,Facebook,Connected,Verified,Uploaded,Yes,Yes,2025-06-05 14:34:00
C0310,Website,Connected,Verified,Not Uploaded,No,No,2025-06-07 00:31:00
C0311,Google Ads,Not Picked,N/A,N/A,No,No,2025-06-05 11:17:00
C0312,WhatsApp,Connected,Verified,Uploaded,Yes,Yes,2025-06-20 23:40:00
C0313,Website,Connected,Verified,Not Uploaded,No,No,2025-06-03 19:33:00
C0314,Referral,Connected,Verified,Uploaded,Yes,No,2025-06-02 03:54:00
C0315,Google Ads,Connected,Verified,Uploaded,Yes,Yes,2025-06-20 03:22:00
C0316,Website,Connected,Verified,Not Uploaded,No,No,2025-06-08 06:44:00
C0317,Website,Not Picked,N/A,N/A,No,No,2025-06-21 02:41:00
C0318,Facebook,Not Picked,N/A,N/A,No,No,2025-06-07 19:18:00
C0319,Facebook,Connected,Not Verified,N/A,No,No,2025-06-20 13:08:00
C0320,Google Ads,Connected,Verified,Not Uploaded,No,No,2025-06-14 20:13:00
C0321,Website,Connected,Verified,Not Uploaded,No,No,2025-06-09 23:15:00
C0322,Website,Not Picked,N/A,N/A,No,No,2025-06-05 05:17:00
C0323,Website,Connected,Verified,Uploaded,Yes,No,2025-06-11 22:38:00
C0324,Google Ads,Connected,Verified,Uploaded,Yes,Yes,2025-06-15 06:21:00
C0325,WhatsApp,Connected,Verified,Uploaded,Yes,Yes,2025-06-18 21:34:00
C0326,Website,Not Picked,N/A,N/A,No,No,2025-06-10 08:27:00
C0327,Referral,Connected,Verified,Not Uploaded,No,No,2025-06-03 04:29:00
C0328,WhatsApp,Not Picked,N/A,N/A,No,No,2025-06-09 05:58:00
C0329,WhatsApp,Not Picked,N/A,N/A,No,No,2025-06-03 12:47:00
C0330,Website,Connected,Verified,Not Uploaded,No,No,2025-06-18 18:08:00
C0331,Google Ads,Connected,Not Verified,N/A,No,No,2025-06-05 09:08:00
C0332,Google Ads,Connected,Verified,Not Uploaded,No,No,2025-06-16 16:05:00
C0333,Referral,Not Picked,N/A,N/A,No,No,2025-06-04 12:29:00
C0334,Facebook,Connected,Verified,Uploaded,Yes,No,2025-06-02 19:50:00
C0335,Facebook,Connected,Not Verified,N/A,No,No,2025-06-02 16:58:00
C0336,Website,Connected,Verified,Uploaded,Yes,Yes,2025-06-02 20:42:00
C0337,Website,Connected,Not Verified,N/A,No,No,2025-06-18 06:25:00
C0338,Referral,Connected,Verified,Not Uploaded,No,No,2025-06-05 22:47:00
C0339,Website,Connected,Verified,Not Uploaded,No,No,2025-06-08 08:45:00
C0340,Google Ads,Connected,Verified,Not Uploaded,No,No,2025-06-15 00:28:00
C0341,Website,Connected,Verified,Uploaded,Yes,Yes,2025-06-18 16:05:00
C0342,Google Ads,Not Picked,N/A,N/A,No,No,2025-06-13 05:39:00
C0343,Referral,Connected,Verified,Uploaded,Yes,Yes,2025-06-08 03:56:00
C0344,Google Ads,Connected,Verified,Uploaded,Yes,No,2025-06-17 02:50:00
C0345,Facebook,Connected,Verified,Uploaded,Yes,No,2025-06-06 08:41:00
C0346,WhatsApp,Connected,Verified,Uploaded,Yes,Yes,2025-06-07 05:35:00
C0347,Google Ads,Connected,Not Verified,N/A,No,No,2025-06-17 12:02:00
C0348,WhatsApp,Connected,Not Verified,N/A,No,No,2025-06-10 01:17:00
C0349,Google Ads,Not Picked,N/A,N/A,No,No,2025-06-11 02:55:00
C0350,Google Ads,Connected,Not Verified,N/A,No,No,2025-06-04 10:10:00
C0351,Website,Connected,Verified,Not Uploaded,No,No,2025-06-14 18:10:00
C0352,Google Ads,Connected,Verified,Not Uploaded,No,No,2025-06-01 20:02:00
C0353,Google Ads,Connected,Not Verified,N/A,No,No,2025-06-07 06:25:00
C0354,Facebook,Connected,Verified,Uploaded,Yes,Yes,2025-06-06 00:59:00
C0355,Facebook,Connected,Not Verified,N/A,No,No,2025-06-07 06:25:00
C0356,Website,Connected,Verified,Not Uploaded,No,No,2025-06-19 06:42:00
C0357,Facebook,Connected,Not Verified,N/A,No,No,2025-06-05 04:45:00
C0358,Referral,Connected,Verified,Uploaded,Yes,No,2025-06-08 19:53:00
C0359,Facebook,Connected,Verified,Uploaded,Yes,Yes,2025-06-13 17:07:00
C0360,Referral,Connected,Verified,Uploaded,Yes,Yes,2025-06-15 08:40:00
C0361,WhatsApp,Connected,Verified,Not Uploaded,No,No,2025-06-14 05:41:00
C0362,WhatsApp,Connected,Verified,Uploaded,Yes,No,2025-06-08 19:19:00
C0363,Facebook,Connected,Verified,Uploaded,Yes,Yes,2025-06-21 09:44:00
C0364,Facebook,Connected,Verified,Uploaded,Yes,No,2025-06-17 04:08:00
C0365,Website,Connected,Verified,Uploaded,Yes,No,2025-06-05 02:34:00
C0366,Website,Connected,Verified,Uploaded,Yes,Yes,2025-06-15 23:37:00
C0367,Google Ads,Not Picked,N/A,N/A,No,No,2025-06-03 17:43:00
C0368,Google Ads,Connected,Verified,Not Uploaded,No,No,2025-06-13 15:06:00
C0369,WhatsApp,Connected,Verified,Uploaded,Yes,Yes,2025-06-17 06:38:00
C0370,WhatsApp,Connected,Verified,Not Uploaded,No,No,2025-06-16 17:01:00
C0371,Website,Connected,Verified,Uploaded,Yes,Yes,2025-06-16 22:44:00
C0372,Website,Connected,Not Verified,N/A,No,No,2025-06-20 16:39:00
C0373,Referral,Connected,Verified,Uploaded,Yes,Yes,2025-06-17 06:27:00
C0374,Website,Connected,Verified,Uploaded,Yes,Yes,2025-06-05 03:52:00
C0375,Referral,Connected,Verified,Not Uploaded,No,No,2025-06-02 17:30:00
C0376,Facebook,Connected,Verified,Not Uploaded,No,No,2025-06-20 00:35:00
C0377,Website,Connected,Verified,Uploaded,Yes,Yes,2025-06-05 06:15:00
C0378,Facebook,Not Picked,N/A,N/A,No,No,2025-06-20 14:17:00
C0379,Referral,Connected,Not Verified,N/A,No,No,2025-06-21 08:23:00
C0380,Referral,Connected,Not Verified,N/A,No,No,2025-06-09 06:18:00
C0381,Facebook,Connected,Verified,Uploaded,Yes,Yes,2025-06-01 07:52:00
C0382,Referral,Connected,Not Verified,N/A,No,No,2025-06-01 09:05:00
C0383,Website,Connected,Verified,Not Uploaded,No,No,2025-06-19 22:13:00
C0384,WhatsApp,Connected,Verified,Not Uploaded,No,No,2025-06-06 23:43:00
C0385,Referral,Connected,Verified,Uploaded,Yes,Yes,2025-06-13 05:56:00
C0386,Referral,Connected,Verified,Not Uploaded,No,No,2025-06-19 00:03:00
C0387,Google Ads,Connected,Not Verified,N/A,No,No,2025-06-09 00:34:00
C0388,Website,Connected,Verified,Not Uploaded,No,No,2025-06-13 15:17:00
C0389,Referral,Not Picked,N/A,N/A,No,No,2025-06-10 14:19:00
C0390,Referral,Connected,Verified,Uploaded,Yes,Yes,2025-06-18 10:22:00
C0391,Google Ads,Connected,Verified,Not Uploaded,No,No,2025-06-02 14:17:00
C0392,Referral,Not Picked,N/A,N/A,No,No,2025-06-20 04:28:00
C0393,WhatsApp,Connected,Verified,Not Uploaded,No,No,2025-06-15 22:28:00
C0394,Website,Connected,Not Verified,N/A,No,No,2025-06-17 15:19:00
C0395,Google Ads,Not Picked,N/A,N/A,No,No,2025-06-01 05:36:00
C0396,Google Ads,Connected,Verified,Uploaded,No,No,2025-06-16 07:55:00
C0397,Referral,Connected,Verified,Uploaded,Yes,Yes,2025-06-05 12:13:00
C0398,Website,Connected,Not Verified,N/A,No,No,2025-06-13 20:10:00
C0399,WhatsApp,Connected,Verified,Uploaded,Yes,No,2025-06-01 12:57:00
C0400,Google Ads,Connected,Not Verified,N/A,No,No,2025-06-19 21:45:00
C0401,Referral,Connected,Not Verified,N/A,No,No,2025-06-05 22:28:00
C0402,Referral,Connected,Verified,Uploaded,Yes,No,2025-06-13 16:49:00
C0403,WhatsApp,Not Picked,N/A,N/A,No,No,2025-06-08 22:11:00
C0404,Referral,Connected,Verified,Not Uploaded,No,No,2025-06-13 19:32:00
C0405,Facebook,Not Picked,N/A,N/A,No,No,2025-06-07 15:50:00
C0406,Google Ads,Connected,Verified,Uploaded,Yes,No,2025-06-12 20:30:00
C0407,WhatsApp,Connected,Not Verified,N/A,No,No,2025-06-05 11:48:00
C0408,Facebook,Connected,Not Verified,N/A,No,No,2025-06-11 12:22:00
C0409,WhatsApp,Connected,Verified,Uploaded,Yes,Yes,2025-06-13 02:52:00
C0410,WhatsApp,Connected,Verified,Uploaded,Yes,Yes,2025-06-13 13:18:00
C0411,Website,Connected,Not Verified,N/A,No,No,2025-06-16 16:19:00
C0412,Website,Connected,Verified,Uploaded,Yes,Yes,2025-06-18 19:16:00
C0413,Website,Not Picked,N/A,N/A,No,No,2025-06-06 17:41:00
C0414,Google Ads,Connected,Verified,Not Uploaded,No,No,2025-06-17 16:00:00
C0415,Website,Connected,Verified,Uploaded,Yes,No,2025-06-02 14:33:00
C0416,Facebook,Connected,Verified,Uploaded,Yes,Yes,2025-06-21 14:52:00
C0417,WhatsApp,Connected,Verified,Not Uploaded,No,No,2025-06-21 08:47:00
C0418,Referral,Not Picked,N/A,N/A,No,No,2025-06-04 15:01:00
C0419,Referral,Connected,Verified,Not Uploaded,No,No,2025-06-21 07:26:00
C0420,Website,Connected,Not Verified,N/A,No,No,2025-06-03 02:06:00
C0421,Referral,Connected,Verified,Not Uploaded,No,No,2025-06-02 02:57:00
C0422,Website,Connected,Verified,Not Uploaded,No,No,2025-06-06 21:09:00
C0423,Google Ads,Connected,Not Verified,N/A,No,No,2025-06-15 21:08:00
C0424,Google Ads,Connected,Verified,Not Uploaded,No,No,2025-06-07 16:50:00
C0425,Google Ads,Connected,Verified,Uploaded,Yes,Yes,2025-06-18 12:31:00
C0426,Facebook,Not Picked,N/A,N/A,No,No,2025-06-11 20:54:00
C0427,Google Ads,Connected,Verified,Not Uploaded,No,No,2025-06-12 01:40:00
C0428,Google Ads,Connected,Verified,Not Uploaded,No,No,2025-06-17 21:09:00
C0429,Referral,Connected,Verified,Uploaded,Yes,No,2025-06-08 00:55:00
C0430,WhatsApp,Connected,Verified,Uploaded,Yes,Yes,2025-06-20 19:23:00
C0431,WhatsApp,Connected,Verified,Uploaded,Yes,Yes,2025-06-01 23:50:00
C0432,Website,Not Picked,N/A,N/A,No,No,2025-06-05 07:10:00
C0433,Website,Connected,Not Verified,N/A,No,No,2025-06-08 09:35:00
C0434,Google Ads,Connected,Verified,Uploaded,No,No,2025-06-15 23:34:00
C0435,Referral,Connected,Verified,Uploaded,Yes,Yes,2025-06-17 00:46:00
C0436,Website,Connected,Not Verified,N/A,No,No,2025-06-18 13:24:00
C0437,Google Ads,Connected,Not Verified,N/A,No,No,2025-06-15 07:03:00
C0438,Facebook,Connected,Not Verified,N/A,No,No,2025-06-21 15:05:00
C0439,WhatsApp,Connected,Verified,Uploaded,Yes,Yes,2025-06-10 01:24:00
C0440,Referral,Connected,Verified,Uploaded,Yes,Yes,2025-06-21 16:27:00
C0441,Facebook,Connected,Verified,Uploaded,Yes,Yes,2025-06-20 15:25:00
C0442,Facebook,Connected,Verified,Not Uploaded,No,No,2025-06-03 23:57:00
C0443,Referral,Connected,Not Verified,N/A,No,No,2025-06-05 14:46:00
C0444,Website,Connected,Verified,Not Uploaded,No,No,2025-06-13 05:53:00
C0445,WhatsApp,Connected,Verified,Uploaded,Yes,No,2025-06-18 01:28:00
C0446,Website,Not Picked,N/A,N/A,No,No,2025-06-09 04:02:00
C0447,WhatsApp,Connected,Verified,Uploaded,Yes,No,2025-06-03 18:01:00
C0448,Website,Connected,Verified,Uploaded,Yes,No,2025-06-20 18:24:00
C0449,Website,Not Picked,N/A,N/A,No,No,2025-06-04 03:27:00
C0450,Google Ads,Connected,Verified,Not Uploaded,No,No,2025-06-16 17:11:00
C0451,Google Ads,Connected,Verified,Not Uploaded,No,No,2025-06-11 18:34:00
C0452,Google Ads,Connected,Verified,Uploaded,Yes,Yes,2025-06-04 14:38:00
C0453,Google Ads,Connected,Verified,Not Uploaded,No,No,2025-06-05 21:47:00
C0454,Referral,Connected,Verified,Not Uploaded,No,No,2025-06-07 01:23:00
C0455,Google Ads,Connected,Verified,Uploaded,Yes,Yes,2025-06-02 16:36:00
C0456,WhatsApp,Connected,Not Verified,N/A,No,No,2025-06-03 02:34:00
C0457,Google Ads,Connected,Verified,Not Uploaded,No,No,2025-06-06 15:55:00
C0458,Google Ads,Connected,Verified,Uploaded,Yes,No,2025-06-01 16:05:00
C0459,Referral,Connected,Not Verified,N/A,No,No,2025-06-15 20:11:00
C0460,Google Ads,Connected,Not Verified,N/A,No,No,2025-06-07 20:40:00
C0461,Facebook,Connected,Verified,Not Uploaded,No,No,2025-06-01 18:30:00
C0462,Google Ads,Connected,Verified,Uploaded,Yes,Yes,2025-06-18 19:11:00
C0463,Website,Connected,Verified,Uploaded,Yes,No,2025-06-03 02:53:00
C0464,Facebook,Connected,Verified,Uploaded,No,No,2025-06-18 13:55:00
C0465,Google Ads,Connected,Not Verified,N/A,No,No,2025-06-03 11:55:00
C0466,WhatsApp,Connected,Not Verified,N/A,No,No,2025-06-20 05:52:00
C0467,Website,Connected,Verified,Uploaded,Yes,No,2025-06-15 15:26:00
C0468,Website,Connected,Verified,Not Uploaded,No,No,2025-06-12 14:04:00
C0469,Google Ads,Not Picked,N/A,N/A,No,No,2025-06-04 07:48:00
C0470,WhatsApp,Connected,Verified,Uploaded,Yes,Yes,2025-06-07 11:08:00
C0471,Referral,Connected,Verified,Not Uploaded,No,No,2025-06-14 10:43:00
C0472,Referral,Connected,Verified,Uploaded,Yes,Yes,2025-06-01 22:33:00
C0473,WhatsApp,Connected,Verified,Uploaded,Yes,Yes,2025-06-07 22:02:00
C0474,Website,Connected,Not Verified,N/A,No,No,2025-06-14 08:54:00
C0475,Referral,Connected,Verified,Uploaded,Yes,Yes,2025-06-14 01:11:00
C0476,WhatsApp,Connected,Verified,Not Uploaded,No,No,2025-06-04 09:36:00
C0477,WhatsApp,Not Picked,N/A,N/A,No,No,2025-06-18 21:56:00
C0478,Google Ads,Not Picked,N/A,N/A,No,No,2025-06-08 10:31:00
C0479,Google Ads,Connected,Verified,Uploaded,Yes,No,2025-06-02 13:29:00
C0480,Google Ads,Connected,Verified,Uploaded,Yes,Yes,2025-06-11 20:29:00
C0481,Website,Connected,Not Verified,N/A,No,No,2025-06-07 08:02:00
C0482,Referral,Connected,Not Verified,N/A,No,No,2025-06-04 02:38:00
C0483,Google Ads,Connected,Verified,Uploaded,Yes,Yes,2025-06-08 10:20:00
C0484,WhatsApp,Connected,Not Verified,N/A,No,No,2025-06-18 18:13:00
C0485,Website,Connected,Verified,Uploaded,Yes,Yes,2025-06-07 12:03:00
C0486,Google Ads,Connected,Verified,Uploaded,Yes,No,2025-06-09 16:45:00
C0487,WhatsApp,Not Picked,N/A,N/A,No,No,2025-06-08 01:10:00
C0488,Referral,Connected,Verified,Uploaded,Yes,Yes,2025-06-01 19:16:00
C0489,WhatsApp,Connected,Verified,Uploaded,Yes,Yes,2025-06-17 09:08:00
C0490,Facebook,Connected,Verified,Uploaded,Yes,Yes,2025-06-11 22:03:00
C0491,Facebook,Connected,Verified,Uploaded,Yes,Yes,2025-06-15 21:16:00
C0492,Facebook,Connected,Verified,Uploaded,No,No,2025-06-01 01:36:00
C0493,Referral,Connected,Verified,Uploaded,Yes,No,2025-06-17 22:09:00
C0494,Facebook,Not Picked,N/A,N/A,No,No,2025-06-06 06:06:00
C0495,Referral,Connected,Verified,Not Uploaded,No,No,2025-06-07 17:41:00
C0496,Google Ads,Connected,Verified,Uploaded,Yes,No,2025-06-07 01:46:00
C0497,Website,Connected,Verified,Uploaded,No,No,2025-06-03 03:59:00
C0498,Website,Connected,Verified,Not Uploaded,No,No,2025-06-15 08:06:00
C0499,Google Ads,Connected,Not Verified,N/A,No,No,2025-06-18 20:46:00
C0500,Facebook,Connected,Verified,Uploaded,Yes,No,2025-06-16 16:37:00
C0501,WhatsApp,Connected,Verified,Uploaded,Yes,Yes,2025-06-20 08:33:00
C0502,Google Ads,Connected,Verified,Not Uploaded,No,No,2025-06-07 14:21:00
C0503,Google Ads,Connected,Verified,Uploaded,No,No,2025-06-20 23:20:00
C0504,Website,Connected,Verified,Not Uploaded,No,No,2025-06-18 07:36:00
C0505,Facebook,Connected,Verified,Uploaded,No,No,2025-06-15 09:45:00
C0506,WhatsApp,Connected,Verified,Uploaded,Yes,Yes,2025-06-06 12:28:00
C0507,Website,Connected,Verified,Uploaded,Yes,Yes,2025-06-11 13:36:00
C0508,Website,Not Picked,N/A,N/A,No,No,2025-06-04 17:24:00
C0509,Referral,Not Picked,N/A,N/A,No,No,2025-06-06 15:06:00
C0510,Google Ads,Not Picked,N/A,N/A,No,No,2025-06-11 00:55:00
C0511,Website,Connected,Not Verified,N/A,No,No,2025-06-04 08:21:00
C0512,WhatsApp,Connected,Verified,Uploaded,Yes,Yes,2025-06-13 22:32:00
C0513,Referral,Not Picked,N/A,N/A,No,No,2025-06-06 04:51:00
C0514,Website,Not Picked,N/A,N/A,No,No,2025-06-15 15:53:00
C0515,Google Ads,Not Picked,N/A,N/A,No,No,2025-06-12 13:47:00
C0516,WhatsApp,Not Picked,N/A,N/A,No,No,2025-06-14 12:04:00
C0517,WhatsApp,Connected,Verified,Uploaded,Yes,Yes,2025-06-15 19:27:00
C0518,Website,Connected,Verified,Not Uploaded,No,No,2025-06-03 02:39:00
C0519,Facebook,Not Picked,N/A,N/A,No,No,2025-06-15 15:24:00
C0520,WhatsApp,Connected,Verified,Uploaded,Yes,Yes,2025-06-12 03:11:00
C0521,Referral,Connected,Verified,Uploaded,Yes,No,2025-06-20 08:53:00
C0522,WhatsApp,Connected,Verified,Not Uploaded,No,No,2025-06-14 20:22:00
C0523,WhatsApp,Connected,Verified,Uploaded,Yes,Yes,2025-06-13 21:30:00
C0524,Referral,Connected,Verified,Uploaded,Yes,No,2025-06-17 02:46:00
C0525,Referral,Connected,Verified,Uploaded,Yes,No,2025-06-19 16:56:00
C0526,Google Ads,Connected,Verified,Uploaded,Yes,No,2025-06-20 07:10:00
C0527,Google Ads,Connected,Verified,Not Uploaded,No,No,2025-06-19 23:33:00
C0528,Referral,Connected,Not Verified,N/A,No,No,2025-06-02 08:11:00
C0529,Facebook,Connected,Not Verified,N/A,No,No,2025-06-04 23:45:00
C0530,Referral,Not Picked,N/A,N/A,No,No,2025-06-09 16:13:00
C0531,WhatsApp,Connected,Verified,Uploaded,Yes,No,2025-06-04 07:56:00
C0532,Facebook,Connected,Verified,Not Uploaded,No,No,2025-06-05 21:21:00
C0533,Website,Connected,Not Verified,N/A,No,No,2025-06-03 08:57:00
C0534,Facebook,Connected,Verified,Not Uploaded,No,No,2025-06-13 10:22:00
C0535,Facebook,Connected,Verified,Uploaded,Yes,Yes,2025-06-13 18:22:00
C0536,Google Ads,Connected,Verified,Uploaded,Yes,Yes,2025-06-20 19:17:00
C0537,Referral,Connected,Verified,Uploaded,Yes,No,2025-06-15 16:42:00
C0538,Google Ads,Not Picked,N/A,N/A,No,No,2025-06-01 02:38:00
C0539,Referral,Connected,Verified,Not Uploaded,No,No,2025-06-15 16:48:00
C0540,Facebook,Connected,Not Verified,N/A,No,No,2025-06-04 22:51:00
C0541,Referral,Connected,Verified,Uploaded,Yes,No,2025-06-04 13:14:00
C0542,Google Ads,Connected,Verified,Uploaded,Yes,No,2025-06-16 00:43:00
C0543,Google Ads,Connected,Verified,Uploaded,Yes,Yes,2025-06-09 11:57:00
C0544,Website,Connected,Verified,Uploaded,Yes,Yes,2025-06-07 05:51:00
C0545,Website,Connected,Verified,Not Uploaded,No,No,2025-06-12 21:54:00
C0546,Website,Connected,Not Verified,N/A,No,No,2025-06-06 06:49:00
C0547,WhatsApp,Connected,Verified,Uploaded,No,No,2025-06-04 04:11:00
C0548,Facebook,Connected,Verified,Not Uploaded,No,No,2025-06-09 16:52:00
C0549,Facebook,Connected,Verified,Uploaded,Yes,No,2025-06-02 01:36:00
C0550,Referral,Connected,Verified,Uploaded,No,No,2025-06-18 22:40:00
C0551,WhatsApp,Connected,Not Verified,N/A,No,No,2025-06-01 18:58:00
C0552,Website,Connected,Verified,Uploaded,No,No,2025-06-09 06:09:00
C0553,Referral,Connected,Verified,Uploaded,Yes,Yes,2025-06-06 13:41:00
C0554,Website,Connected,Verified,Not Uploaded,No,No,2025-06-09 04:30:00
C0555,Website,Connected,Verified,Uploaded,Yes,Yes,2025-06-02 11:09:00
C0556,Google Ads,Connected,Not Verified,N/A,No,No,2025-06-14 04:25:00
C0557,Facebook,Not Picked,N/A,N/A,No,No,2025-06-16 17:49:00
C0558,Website,Connected,Verified,Uploaded,Yes,No,2025-06-14 12:36:00
C0559,Website,Not Picked,N/A,N/A,No,No,2025-06-19 14:59:00
C0560,Google Ads,Not Picked,N/A,N/A,No,No,2025-06-02 21:05:00
C0561,Website,Connected,Verified,Uploaded,Yes,Yes,2025-06-15 17:40:00
C0562,Facebook,Not Picked,N/A,N/A,No,No,2025-06-14 11:17:00
C0563,Google Ads,Connected,Verified,Not Uploaded,No,No,2025-06-03 17:44:00
C0564,WhatsApp,Connected,Verified,Uploaded,Yes,Yes,2025-06-14 07:26:00
C0565,Google Ads,Connected,Verified,Uploaded,Yes,Yes,2025-06-11 04:24:00
C0566,Website,Connected,Verified,Uploaded,Yes,Yes,2025-06-20 09:22:00
C0567,Referral,Connected,Not Verified,N/A,No,No,2025-06-04 22:20:00
C0568,Facebook,Connected,Verified,Uploaded,Yes,Yes,2025-06-02 23:40:00
C0569,Facebook,Connected,Verified,Not Uploaded,No,No,2025-06-07 03:23:00
C0570,Google Ads,Connected,Not Verified,N/A,No,No,2025-06-09 13:46:00
C0571,Website,Connected,Verified,Uploaded,Yes,No,2025-06-05 05:50:00
C0572,Google Ads,Connected,Not Verified,N/A,No,No,2025-06-08 21:58:00
C0573,Google Ads,Not Picked,N/A,N/A,No,No,2025-06-06 19:29:00
C0574,WhatsApp,Not Picked,N/A,N/A,No,No,2025-06-16 21:58:00
C0575,Website,Connected,Verified,Uploaded,Yes,Yes,2025-06-14 23:39:00
C0576,Referral,Connected,Verified,Uploaded,Yes,Yes,2025-06-12 01:36:00
C0577,Referral,Connected,Verified,Uploaded,Yes,No,2025-06-18 19:08:00
C0578,Google Ads,Connected,Verified,Not Uploaded,No,No,2025-06-13 07:11:00
C0579,Facebook,Connected,Not Verified,N/A,No,No,2025-06-20 03:17:00
C0580,Google Ads,Not Picked,N/A,N/A,No,No,2025-06-20 10:07:00
C0581,Referral,Connected,Not Verified,N/A,No,No,2025-06-02 11:56:00
C0582,Referral,Connected,Verified,Uploaded,Yes,No,2025-06-21 10:34:00
C0583,Facebook,Connected,Verified,Uploaded,No,No,2025-06-01 19:02:00
C0584,Google Ads,Not Picked,N/A,N/A,No,No,2025-06-18 20:25:00
C0585,Referral,Not Picked,N/A,N/A,No,No,2025-06-04 19:27:00
C0586,Website,Connected,Verified,Not Uploaded,No,No,2025-06-08 06:36:00
C0587,Website,Connected,Not Verified,N/A,No,No,2025-06-11 19:42:00
C0588,Facebook,Connected,Not Verified,N/A,No,No,2025-06-13 15:55:00
C0589,Website,Not Picked,N/A,N/A,No,No,2025-06-04 12:30:00
C0590,Referral,Connected,Verified,Uploaded,Yes,Yes,2025-06-08 01:58:00
C0591,Facebook,Connected,Verified,Not Uploaded,No,No,2025-06-09 08:38:00
C0592,WhatsApp,Connected,Verified,Uploaded,No,No,2025-06-17 16:23:00
C0593,WhatsApp,Connected,Verified,Uploaded,Yes,No,2025-06-20 20:44:00
C0594,Google Ads,Not Picked,N/A,N/A,No,No,2025-06-08 18:00:00
C0595,Google Ads,Not Picked,N/A,N/A,No,No,2025-06-09 03:32:00
C0596,Facebook,Not Picked,N/A,N/A,No,No,2025-06-11 13:04:00
C0597,Website,Connected,Not Verified,N/A,No,No,2025-06-18 06:00:00
C0598,Website,Connected,Verified,Uploaded,No,No,2025-06-07 02:35:00
C0599,Referral,Connected,Verified,Not Uploaded,No,No,2025-06-09 02:43:00
C0600,WhatsApp,Not Picked,N/A,N/A,No,No,2025-06-13 14:37:00
C0601,Website,Not Picked,N/A,N/A,No,No,2025-06-11 08:03:00
C0602,Website,Connected,Verified,Uploaded,Yes,Yes,2025-06-17 05:40:00
C0603,Google Ads,Connected,Verified,Uploaded,Yes,Yes,2025-06-13 05:10:00
C0604,Referral,Connected,Verified,Not Uploaded,No,No,2025-06-07 14:55:00
C0605,Website,Connected,Not Verified,N/A,No,No,2025-06-16 03:23:00
C0606,Website,Not Picked,N/A,N/A,No,No,2025-06-15 20:02:00
C0607,Referral,Not Picked,N/A,N/A,No,No,2025-06-12 17:44:00
C0608,Referral,Connected,Verified,Uploaded,Yes,Yes,2025-06-01 03:22:00
C0609,Referral,Connected,Verified,Not Uploaded,No,No,2025-06-16 01:38:00
C0610,Facebook,Connected,Verified,Not Uploaded,No,No,2025-06-11 18:38:00
C0611,Website,Connected,Verified,Uploaded,Yes,No,2025-06-10 12:24:00
C0612,WhatsApp,Connected,Not Verified,N/A,No,No,2025-06-21 06:22:00
C0613,Referral,Connected,Not Verified,N/A,No,No,2025-06-19 15:39:00
C0614,Referral,Connected,Verified,Uploaded,Yes,No,2025-06-20 02:59:00
C0615,Referral,Connected,Not Verified,N/A,No,No,2025-06-15 11:59:00
C0616,Google Ads,Connected,Verified,Uploaded,Yes,Yes,2025-06-16 08:28:00
C0617,Website,Connected,Verified,Not Uploaded,No,No,2025-06-01 20:09:00
C0618,Website,Connected,Verified,Uploaded,Yes,Yes,2025-06-07 10:21:00
C0619,Google Ads,Connected,Not Verified,N/A,No,No,2025-06-16 01:45:00
C0620,Website,Connected,Verified,Uploaded,Yes,Yes,2025-06-19 06:03:00
C0621,Referral,Connected,Not Verified,N/A,No,No,2025-06-08 02:50:00
C0622,Facebook,Connected,Verified,Uploaded,Yes,Yes,2025-06-05 21:34:00
C0623,WhatsApp,Connected,Verified,Uploaded,Yes,Yes,2025-06-15 19:04:00
C0624,Referral,Connected,Not Verified,N/A,No,No,2025-06-12 03:45:00
C0625,WhatsApp,Connected,Verified,Uploaded,Yes,Yes,2025-06-07 10:54:00
C0626,Google Ads,Connected,Verified,Not Uploaded,No,No,2025-06-19 16:15:00
C0627,Google Ads,Connected,Not Verified,N/A,No,No,2025-06-21 12:00:00
C0628,Facebook,Not Picked,N/A,N/A,No,No,2025-06-04 23:12:00
C0629,WhatsApp,Connected,Not Verified,N/A,No,No,2025-06-01 05:29:00
C0630,Google Ads,Connected,Verified,Uploaded,Yes,No,2025-06-11 10:27:00
C0631,Referral,Connected,Verified,Uploaded,Yes,Yes,2025-06-20 21:54:00
C0632,Facebook,Connected,Verified,Uploaded,Yes,No,2025-06-15 14:51:00
C0633,Website,Connected,Verified,Uploaded,Yes,No,2025-06-01 03:29:00
C0634,Facebook,Not Picked,N/A,N/A,No,No,2025-06-04 15:09:00
C0635,Google Ads,Connected,Not Verified,N/A,No,No,2025-06-14 18:33:00
C0636,Google Ads,Not Picked,N/A,N/A,No,No,2025-06-21 10:57:00
C0637,Facebook,Not Picked,N/A,N/A,No,No,2025-06-08 22:44:00
C0638,Referral,Connected,Verified,Uploaded,Yes,Yes,2025-06-10 07:16:00
C0639,WhatsApp,Connected,Not Verified,N/A,No,No,2025-06-01 03:28:00
C0640,Google Ads,Not Picked,N/A,N/A,No,No,2025-06-13 07:16:00
C0641,Referral,Connected,Not Verified,N/A,No,No,2025-06-13 20:06:00
C0642,WhatsApp,Connected,Not Verified,N/A,No,No,2025-06-02 16:59:00
C0643,Website,Connected,Not Verified,N/A,No,No,2025-06-16 12:20:00
C0644,Website,Not Picked,N/A,N/A,No,No,2025-06-20 01:32:00
C0645,Referral,Connected,Not Verified,N/A,No,No,2025-06-13 15:06:00
C0646,Google Ads,Connected,Not Verified,N/A,No,No,2025-06-17 13:06:00
C0647,Google Ads,Not Picked,N/A,N/A,No,No,2025-06-21 18:16:00
C0648,WhatsApp,Connected,Not Verified,N/A,No,No,2025-06-15 23:24:00
C0649,Google Ads,Connected,Verified,Uploaded,Yes,No,2025-06-19 04:28:00
C0650,Referral,Connected,Verified,Uploaded,Yes,Yes,2025-06-07 01:03:00
C0651,WhatsApp,Connected,Verified,Uploaded,Yes,Yes,2025-06-05 09:53:00
C0652,Facebook,Connected,Not Verified,N/A,No,No,2025-06-21 07:14:00
C0653,Referral,Not Picked,N/A,N/A,No,No,2025-06-18 11:22:00
C0654,Google Ads,Connected,Not Verified,N/A,No,No,2025-06-13 14:06:00
C0655,Referral,Not Picked,N/A,N/A,No,No,2025-06-08 12:36:00
C0656,Google Ads,Connected,Verified,Not Uploaded,No,No,2025-06-05 17:48:00
C0657,Facebook,Connected,Verified,Uploaded,No,No,2025-06-19 12:32:00
C0658,Google Ads,Not Picked,N/A,N/A,No,No,2025-06-03 21:00:00
C0659,Website,Not Picked,N/A,N/A,No,No,2025-06-08 15:23:00
C0660,WhatsApp,Connected,Verified,Uploaded,Yes,No,2025-06-02 13:24:00
C0661,Facebook,Connected,Not Verified,N/A,No,No,2025-06-10 08:32:00
C0662,WhatsApp,Connected,Not Verified,N/A,No,No,2025-06-02 18:37:00
C0663,Facebook,Connected,Not Verified,N/A,No,No,2025-06-01 21:28:00
C0664,Website,Connected,Not Verified,N/A,No,No,2025-06-08 06:08:00
C0665,Facebook,Connected,Verified,Uploaded,Yes,Yes,2025-06-15 17:42:00
C0666,WhatsApp,Connected,Not Verified,N/A,No,No,2025-06-20 10:03:00
C0667,Website,Connected,Verified,Uploaded,Yes,No,2025-06-10 00:25:00
C0668,Referral,Not Picked,N/A,N/A,No,No,2025-06-15 06:44:00
C0669,Google Ads,Not Picked,N/A,N/A,No,No,2025-06-07 04:22:00
C0670,WhatsApp,Not Picked,N/A,N/A,No,No,2025-06-05 08:04:00
C0671,Website,Connected,Verified,Uploaded,Yes,Yes,2025-06-11 07:43:00
C0672,WhatsApp,Not Picked,N/A,N/A,No,No,2025-06-11 02:00:00
C0673,WhatsApp,Not Picked,N/A,N/A,No,No,2025-06-02 22:39:00
C0674,Website,Connected,Verified,Uploaded,Yes,No,2025-06-09 07:55:00
C0675,Google Ads,Connected,Verified,Uploaded,Yes,No,2025-06-10 00:45:00
C0676,WhatsApp,Connected,Verified,Not Uploaded,No,No,2025-06-17 11:32:00
C0677,WhatsApp,Not Picked,N/A,N/A,No,No,2025-06-03 20:47:00
C0678,Referral,Connected,Verified,Uploaded,Yes,No,2025-06-04 18:51:00
C0679,Google Ads,Connected,Verified,Uploaded,Yes,Yes,2025-06-09 03:57:00
C0680,Referral,Not Picked,N/A,N/A,No,No,2025-06-16 03:26:00
C0681,Facebook,Connected,Not Verified,N/A,No,No,2025-06-18 04:10:00
C0682,Facebook,Connected,Verified,Uploaded,No,No,2025-06-09 01:09:00
C0683,Google Ads,Not Picked,N/A,N/A,No,No,2025-06-05 22:57:00
C0684,Facebook,Connected,Verified,Uploaded,Yes,No,2025-06-10 18:54:00
C0685,Website,Connected,Verified,Uploaded,Yes,Yes,2025-06-18 06:45:00
C0686,Facebook,Not Picked,N/A,N/A,No,No,2025-06-07 18:15:00
C0687,Referral,Connected,Verified,Uploaded,Yes,No,2025-06-09 17:00:00
C0688,Referral,Connected,Verified,Uploaded,Yes,No,2025-06-16 05:20:00
C0689,Referral,Connected,Not Verified,N/A,No,No,2025-06-20 20:57:00
C0690,Google Ads,Connected,Not Verified,N/A,No,No,2025-06-03 05:21:00
C0691,Referral,Connected,Verified,Uploaded,No,No,2025-06-11 20:57:00
C0692,Website,Connected,Verified,Not Uploaded,No,No,2025-06-09 02:49:00
C0693,Referral,Connected,Verified,Uploaded,Yes,Yes,2025-06-08 10:16:00
C0694,Google Ads,Connected,Not Verified,N/A,No,No,2025-06-02 21:37:00
C0695,Google Ads,Connected,Verified,Not Uploaded,No,No,2025-06-18 00:30:00
C0696,Website,Connected,Verified,Not Uploaded,No,No,2025-06-03 13:22:00
C0697,Website,Connected,Verified,Not Uploaded,No,No,2025-06-08 15:14:00
C0698,Google Ads,Not Picked,N/A,N/A,No,No,2025-06-01 22:15:00
C0699,Google Ads,Connected,Verified,Uploaded,Yes,Yes,2025-06-06 07:32:00
C0700,Facebook,Not Picked,N/A,N/A,No,No,2025-06-14 12:36:00
C0701,WhatsApp,Not Picked,N/A,N/A,No,No,2025-06-05 03:40:00
C0702,Referral,Connected,Verified,Not Uploaded,No,No,2025-06-19 01:02:00
C0703,Referral,Connected,Verified,Uploaded,No,No,2025-06-03 17:57:00
C0704,Facebook,Connected,Verified,Uploaded,Yes,No,2025-06-18 22:02:00
C0705,Facebook,Connected,Verified,Uploaded,Yes,Yes,2025-06-10 05:05:00
C0706,Website,Connected,Verified,Not Uploaded,No,No,2025-06-04 22:34:00
C0707,Facebook,Connected,Not Verified,N/A,No,No,2025-06-07 08:05:00
C0708,Referral,Connected,Verified,Uploaded,Yes,No,2025-06-04 18:20:00
C0709,Referral,Connected,Verified,Not Uploaded,No,No,2025-06-02 13:45:00
C0710,Referral,Connected,Not Verified,N/A,No,No,2025-06-20 14:04:00
C0711,Google Ads,Connected,Verified,Uploaded,No,No,2025-06-18 15:00:00
C0712,WhatsApp,Connected,Not Verified,N/A,No,No,2025-06-16 13:23:00
C0713,WhatsApp,Connected,Not Verified,N/A,No,No,2025-06-06 09:43:00
C0714,Google Ads,Connected,Not Verified,N/A,No,No,2025-06-06 21:43:00
C0715,Referral,Connected,Verified,Uploaded,Yes,No,2025-06-01 21:20:00
C0716,Website,Connected,Verified,Not Uploaded,No,No,2025-06-15 16:19:00
C0717,Referral,Connected,Verified,Uploaded,Yes,No,2025-06-08 06:18:00
C0718,Facebook,Connected,Verified,Not Uploaded,No,No,2025-06-21 10:53:00
C0719,Website,Connected,Verified,Not Uploaded,No,No,2025-06-20 17:53:00
C0720,WhatsApp,Connected,Verified,Uploaded,Yes,Yes,2025-06-12 23:25:00
C0721,Facebook,Connected,Verified,Uploaded,Yes,Yes,2025-06-15 03:25:00
C0722,Referral,Connected,Verified,Uploaded,Yes,No,2025-06-21 00:14:00
C0723,Google Ads,Connected,Verified,Uploaded,Yes,Yes,2025-06-07 23:36:00
C0724,WhatsApp,Connected,Verified,Not Uploaded,No,No,2025-06-08 09:13:00
C0725,Google Ads,Connected,Not Verified,N/A,No,No,2025-06-01 04:04:00
C0726,Website,Connected,Verified,Uploaded,No,No,2025-06-11 10:26:00
C0727,Website,Not Picked,N/A,N/A,No,No,2025-06-03 13:35:00
C0728,Referral,Connected,Verified,Uploaded,Yes,No,2025-06-12 17:29:00
C0729,Facebook,Connected,Verified,Not Uploaded,No,No,2025-06-14 00:39:00
C0730,Website,Connected,Verified,Uploaded,Yes,Yes,2025-06-12 02:04:00
C0731,Referral,Not Picked,N/A,N/A,No,No,2025-06-14 00:53:00
C0732,WhatsApp,Connected,Verified,Not Uploaded,No,No,2025-06-05 11:42:00
C0733,Google Ads,Connected,Verified,Uploaded,Yes,No,2025-06-01 16:56:00
C0734,Referral,Not Picked,N/A,N/A,No,No,2025-06-17 07:16:00
C0735,WhatsApp,Connected,Verified,Uploaded,Yes,Yes,2025-06-08 15:22:00
C0736,Website,Connected,Not Verified,N/A,No,No,2025-06-11 01:00:00
C0737,Referral,Connected,Verified,Not Uploaded,No,No,2025-06-01 10:03:00
C0738,Facebook,Connected,Verified,Not Uploaded,No,No,2025-06-13 09:39:00
C0739,Referral,Connected,Not Verified,N/A,No,No,2025-06-15 05:42:00
C0740,Website,Connected,Verified,Uploaded,Yes,No,2025-06-17 18:48:00
C0741,Google Ads,Connected,Verified,Not Uploaded,No,No,2025-06-19 13:46:00
C0742,Website,Connected,Verified,Uploaded,Yes,Yes,2025-06-06 09:03:00
C0743,Facebook,Connected,Verified,Uploaded,No,No,2025-06-17 07:21:00
C0744,WhatsApp,Not Picked,N/A,N/A,No,No,2025-06-13 14:41:00
C0745,Facebook,Connected,Verified,Not Uploaded,No,No,2025-06-14 19:13:00
C0746,Facebook,Not Picked,N/A,N/A,No,No,2025-06-19 21:05:00
C0747,Google Ads,Connected,Verified,Uploaded,Yes,No,2025-06-09 05:50:00
C0748,Referral,Connected,Verified,Not Uploaded,No,No,2025-06-02 17:31:00
C0749,Facebook,Not Picked,N/A,N/A,No,No,2025-06-19 16:53:00
C0750,Referral,Connected,Verified,Uploaded,Yes,No,2025-06-03 04:43:00
C0751,WhatsApp,Connected,Verified,Not Uploaded,No,No,2025-06-12 16:39:00
C0752,WhatsApp,Not Picked,N/A,N/A,No,No,2025-06-05 18:11:00
C0753,Facebook,Connected,Verified,Uploaded,Yes,No,2025-06-07 16:33:00
C0754,Google Ads,Connected,Verified,Uploaded,Yes,Yes,2025-06-10 20:52:00
C0755,Google Ads,Connected,Verified,Not Uploaded,No,No,2025-06-18 21:41:00
C0756,Google Ads,Connected,Verified,Uploaded,No,No,2025-06-13 09:00:00
C0757,Referral,Connected,Not Verified,N/A,No,No,2025-06-07 03:52:00
C0758,Google Ads,Not Picked,N/A,N/A,No,No,2025-06-05 18:05:00
C0759,Facebook,Connected,Verified,Uploaded,No,No,2025-06-08 03:32:00
C0760,Facebook,Connected,Verified,Not Uploaded,No,No,2025-06-02 23:29:00
C0761,Referral,Connected,Verified,Uploaded,No,No,2025-06-02 22:34:00
C0762,Google Ads,Connected,Verified,Uploaded,Yes,Yes,2025-06-21 14:35:00
C0763,Referral,Not Picked,N/A,N/A,No,No,2025-06-18 15:38:00
C0764,Website,Connected,Not Verified,N/A,No,No,2025-06-07 16:20:00
C0765,Facebook,Connected,Verified,Not Uploaded,No,No,2025-06-17 07:56:00
C0766,WhatsApp,Connected,Verified,Uploaded,No,No,2025-06-13 20:47:00
C0767,Facebook,Connected,Verified,Uploaded,Yes,Yes,2025-06-10 06:09:00
C0768,Website,Not Picked,N/A,N/A,No,No,2025-06-01 22:22:00
C0769,Google Ads,Connected,Verified,Uploaded,No,No,2025-06-04 12:23:00
C0770,Facebook,Connected,Not Verified,N/A,No,No,2025-06-21 03:29:00
C0771,Referral,Connected,Verified,Uploaded,Yes,Yes,2025-06-17 15:03:00
C0772,Facebook,Connected,Not Verified,N/A,No,No,2025-06-11 17:20:00
C0773,Website,Not Picked,N/A,N/A,No,No,2025-06-10 03:32:00
C0774,Facebook,Not Picked,N/A,N/A,No,No,2025-06-11 17:53:00
C0775,WhatsApp,Not Picked,N/A,N/A,No,No,2025-06-17 10:29:00
C0776,Facebook,Connected,Not Verified,N/A,No,No,2025-06-19 13:28:00
C0777,Website,Connected,Verified,Not Uploaded,No,No,2025-06-04 21:06:00
C0778,WhatsApp,Connected,Verified,Uploaded,No,No,2025-06-01 03:59:00
C0779,Referral,Connected,Verified,Uploaded,Yes,No,2025-06-08 15:43:00
C0780,Google Ads,Connected,Not Verified,N/A,No,No,2025-06-21 17:11:00
C0781,Website,Connected,Verified,Uploaded,Yes,Yes,2025-06-07 19:36:00
C0782,Facebook,Not Picked,N/A,N/A,No,No,2025-06-19 20:20:00
C0783,Google Ads,Connected,Verified,Not Uploaded,No,No,2025-06-21 07:31:00
C0784,Google Ads,Not Picked,N/A,N/A,No,No,2025-06-11 12:27:00
C0785,Facebook,Connected,Not Verified,N/A,No,No,2025-06-17 10:04:00
C0786,Facebook,Connected,Not Verified,N/A,No,No,2025-06-08 07:59:00
C0787,Referral,Connected,Not Verified,N/A,No,No,2025-06-04 08:58:00
C0788,WhatsApp,Not Picked,N/A,N/A,No,No,2025-06-07 12:43:00
C0789,Website,Connected,Verified,Uploaded,No,No,2025-06-12 04:09:00
C0790,WhatsApp,Connected,Verified,Uploaded,Yes,Yes,2025-06-16 17:02:00
C0791,Referral,Connected,Verified,Uploaded,Yes,Yes,2025-06-11 03:26:00
C0792,Website,Connected,Verified,Uploaded,Yes,No,2025-06-11 09:27:00
C0793,Google Ads,Connected,Verified,Not Uploaded,No,No,2025-06-15 12:47:00
C0794,Google Ads,Not Picked,N/A,N/A,No,No,2025-06-19 00:54:00
C0795,WhatsApp,Not Picked,N/A,N/A,No,No,2025-06-05 19:41:00
C0796,WhatsApp,Connected,Verified,Uploaded,Yes,Yes,2025-06-01 06:40:00
C0797,Facebook,Connected,Verified,Uploaded,Yes,Yes,2025-06-02 04:17:00
C0798,Google Ads,Connected,Verified,Uploaded,Yes,Yes,2025-06-21 18:21:00
C0799,Google Ads,Not Picked,N/A,N/A,No,No,2025-06-03 19:16:00
C0800,Referral,Not Picked,N/A,N/A,No,No,2025-06-03 23:20:00
C0801,Google Ads,Not Picked,N/A,N/A,No,No,2025-06-01 03:29:00
C0802,Website,Connected,Verified,Uploaded,Yes,Yes,2025-06-15 00:32:00
C0803,Facebook,Connected,Verified,Not Uploaded,No,No,2025-06-09 21:03:00
C0804,Facebook,Connected,Verified,Uploaded,No,No,2025-06-21 18:15:00
C0805,Google Ads,Connected,Verified,Uploaded,Yes,Yes,2025-06-14 02:58:00
C0806,Website,Connected,Verified,Uploaded,Yes,Yes,2025-06-06 21:32:00
C0807,WhatsApp,Connected,Verified,Uploaded,Yes,Yes,2025-06-06 10:39:00
C0808,WhatsApp,Connected,Verified,Uploaded,No,No,2025-06-21 17:00:00
C0809,Google Ads,Connected,Verified,Uploaded,Yes,Yes,2025-06-08 18:48:00
C0810,Google Ads,Connected,Verified,Uploaded,No,No,2025-06-02 20:55:00
C0811,Facebook,Connected,Not Verified,N/A,No,No,2025-06-05 10:07:00
C0812,Facebook,Connected,Not Verified,N/A,No,No,2025-06-17 01:53:00
C0813,Website,Connected,Verified,Uploaded,Yes,Yes,2025-06-17 03:52:00
C0814,Referral,Connected,Verified,Not Uploaded,No,No,2025-06-03 10:54:00
C0815,Referral,Connected,Verified,Uploaded,No,No,2025-06-20 12:52:00
C0816,WhatsApp,Connected,Verified,Uploaded,Yes,No,2025-06-13 17:36:00
C0817,Website,Connected,Not Verified,N/A,No,No,2025-06-03 09:52:00
C0818,WhatsApp,Connected,Not Verified,N/A,No,No,2025-06-08 04:00:00
C0819,Website,Connected,Not Verified,N/A,No,No,2025-06-05 06:13:00
C0820,Website,Not Picked,N/A,N/A,No,No,2025-06-03 23:09:00
C0821,Website,Connected,Not Verified,N/A,No,No,2025-06-20 04:55:00
C0822,Website,Connected,Verified,Uploaded,Yes,Yes,2025-06-03 15:21:00
C0823,Facebook,Connected,Verified,Uploaded,Yes,Yes,2025-06-07 11:50:00
C0824,Facebook,Not Picked,N/A,N/A,No,No,2025-06-08 16:03:00
C0825,Facebook,Connected,Verified,Uploaded,Yes,Yes,2025-06-12 21:02:00
C0826,Google Ads,Not Picked,N/A,N/A,No,No,2025-06-16 15:26:00
C0827,Referral,Connected,Not Verified,N/A,No,No,2025-06-02 08:09:00
C0828,Referral,Connected,Verified,Not Uploaded,No,No,2025-06-14 04:47:00
C0829,Facebook,Connected,Verified,Uploaded,Yes,Yes,2025-06-13 12:36:00
C0830,Facebook,Connected,Verified,Uploaded,Yes,No,2025-06-03 09:51:00
C0831,Google Ads,Connected,Not Verified,N/A,No,No,2025-06-03 10:08:00
C0832,WhatsApp,Connected,Verified,Uploaded,Yes,Yes,2025-06-06 02:32:00
C0833,Referral,Not Picked,N/A,N/A,No,No,2025-06-09 17:39:00
C0834,Facebook,Connected,Verified,Uploaded,Yes,No,2025-06-15 21:49:00
C0835,Website,Not Picked,N/A,N/A,No,No,2025-06-05 08:45:00
C0836,Website,Connected,Verified,Not Uploaded,No,No,2025-06-17 21:10:00
C0837,Google Ads,Connected,Verified,Uploaded,No,No,2025-06-06 13:36:00
C0838,Website,Connected,Verified,Uploaded,Yes,No,2025-06-01 22:27:00
C0839,WhatsApp,Connected,Verified,Uploaded,Yes,No,2025-06-14 23:39:00
C0840,Referral,Connected,Verified,Not Uploaded,No,No,2025-06-18 14:16:00
C0841,WhatsApp,Connected,Not Verified,N/A,No,No,2025-06-09 08:03:00
C0842,Referral,Connected,Verified,Uploaded,Yes,No,2025-06-19 10:57:00
C0843,Website,Connected,Verified,Uploaded,Yes,Yes,2025-06-07 02:12:00
C0844,Google Ads,Connected,Verified,Uploaded,Yes,No,2025-06-18 12:01:00
C0845,Google Ads,Connected,Verified,Uploaded,Yes,Yes,2025-06-14 12:00:00
C0846,Website,Connected,Verified,Uploaded,Yes,No,2025-06-01 13:52:00
C0847,Facebook,Connected,Verified,Not Uploaded,No,No,2025-06-04 16:48:00
C0848,Google Ads,Connected,Not Verified,N/A,No,No,2025-06-11 09:47:00
C0849,Referral,Connected,Not Verified,N/A,No,No,2025-06-01 11:12:00
C0850,Website,Not Picked,N/A,N/A,No,No,2025-06-14 06:09:00
C0851,WhatsApp,Connected,Verified,Uploaded,Yes,Yes,2025-06-07 02:50:00
C0852,Referral,Connected,Verified,Uploaded,Yes,No,2025-06-20 11:52:00
C0853,Facebook,Connected,Verified,Uploaded,Yes,Yes,2025-06-16 08:02:00
C0854,Referral,Connected,Not Verified,N/A,No,No,2025-06-07 23:17:00
C0855,Referral,Not Picked,N/A,N/A,No,No,2025-06-02 08:01:00
C0856,Referral,Connected,Not Verified,N/A,No,No,2025-06-18 18:52:00
C0857,WhatsApp,Connected,Not Verified,N/A,No,No,2025-06-15 00:20:00
C0858,WhatsApp,Connected,Not Verified,N/A,No,No,2025-06-05 15:29:00
C0859,Google Ads,Connected,Not Verified,N/A,No,No,2025-06-15 20:34:00
C0860,Facebook,Connected,Not Verified,N/A,No,No,2025-06-07 05:41:00
C0861,Website,Connected,Verified,Not Uploaded,No,No,2025-06-05 22:46:00
C0862,Facebook,Not Picked,N/A,N/A,No,No,2025-06-21 19:12:00
C0863,Website,Not Picked,N/A,N/A,No,No,2025-06-05 02:16:00
C0864,WhatsApp,Connected,Verified,Not Uploaded,No,No,2025-06-10 14:47:00
C0865,Referral,Connected,Verified,Uploaded,Yes,No,2025-06-08 07:36:00
C0866,WhatsApp,Connected,Verified,Uploaded,Yes,No,2025-06-05 17:19:00
C0867,Referral,Connected,Not Verified,N/A,No,No,2025-06-16 09:20:00
C0868,Website,Connected,Verified,Uploaded,No,No,2025-06-10 12:13:00
C0869,Google Ads,Connected,Verified,Not Uploaded,No,No,2025-06-19 14:45:00
C0870,Website,Connected,Verified,Not Uploaded,No,No,2025-06-19 19:15:00
C0871,Facebook,Connected,Verified,Not Uploaded,No,No,2025-06-14 22:59:00
C0872,Google Ads,Connected,Verified,Uploaded,Yes,No,2025-06-05 12:04:00
C0873,Website,Connected,Verified,Uploaded,Yes,Yes,2025-06-07 13:55:00
C0874,Website,Connected,Verified,Uploaded,Yes,Yes,2025-06-20 18:27:00
C0875,Website,Not Picked,N/A,N/A,No,No,2025-06-05 07:35:00
C0876,Google Ads,Connected,Verified,Uploaded,No,No,2025-06-06 18:58:00
C0877,WhatsApp,Connected,Verified,Uploaded,Yes,Yes,2025-06-06 04:37:00
C0878,Referral,Not Picked,N/A,N/A,No,No,2025-06-04 12:17:00
C0879,Website,Connected,Verified,Not Uploaded,No,No,2025-06-05 20:01:00
C0880,WhatsApp,Not Picked,N/A,N/A,No,No,2025-06-14 19:17:00
C0881,Referral,Connected,Verified,Not Uploaded,No,No,2025-06-20 09:25:00
C0882,Google Ads,Connected,Verified,Not Uploaded,No,No,2025-06-02 14:38:00
C0883,WhatsApp,Not Picked,N/A,N/A,No,No,2025-06-18 01:11:00
C0884,Referral,Connected,Verified,Uploaded,Yes,Yes,2025-06-09 13:11:00
C0885,Google Ads,Connected,Verified,Not Uploaded,No,No,2025-06-18 22:58:00
C0886,Website,Connected,Verified,Not Uploaded,No,No,2025-06-04 11:28:00
C0887,WhatsApp,Connected,Verified,Uploaded,Yes,No,2025-06-02 13:31:00
C0888,Google Ads,Connected,Verified,Not Uploaded,No,No,2025-06-05 07:35:00
C0889,Referral,Connected,Verified,Uploaded,Yes,No,2025-06-15 23:16:00
C0890,Facebook,Connected,Verified,Uploaded,Yes,No,2025-06-14 02:32:00
C0891,Website,Connected,Not Verified,N/A,No,No,2025-06-14 03:07:00
C0892,Website,Connected,Verified,Uploaded,Yes,Yes,2025-06-16 09:23:00
C0893,Referral,Connected,Verified,Not Uploaded,No,No,2025-06-04 06:47:00
C0894,Referral,Connected,Not Verified,N/A,No,No,2025-06-13 13:38:00
C0895,Referral,Not Picked,N/A,N/A,No,No,2025-06-20 15:31:00
C0896,Facebook,Not Picked,N/A,N/A,No,No,2025-06-02 03:06:00
C0897,Referral,Connected,Verified,Uploaded,Yes,No,2025-06-19 03:28:00
C0898,Referral,Not Picked,N/A,N/A,No,No,2025-06-08 07:09:00
C0899,Referral,Connected,Verified,Uploaded,No,No,2025-06-19 21:23:00
C0900,WhatsApp,Connected,Verified,Uploaded,No,No,2025-06-03 05:09:00
C0901,Google Ads,Connected,Verified,Uploaded,Yes,No,2025-06-12 06:22:00
C0902,Facebook,Connected,Verified,Uploaded,Yes,Yes,2025-06-21 02:28:00
C0903,WhatsApp,Connected,Verified,Uploaded,Yes,Yes,2025-06-10 13:43:00
C0904,Website,Not Picked,N/A,N/A,No,No,2025-06-17 08:41:00
C0905,Referral,Not Picked,N/A,N/A,No,No,2025-06-12 19:02:00
C0906,Referral,Connected,Verified,Uploaded,Yes,No,2025-06-18 13:04:00
C0907,Google Ads,Connected,Not Verified,N/A,No,No,2025-06-10 02:02:00
C0908,Referral,Connected,Verified,Not Uploaded,No,No,2025-06-14 15:44:00
C0909,Facebook,Connected,Verified,Not Uploaded,No,No,2025-06-20 10:36:00
C0910,Google Ads,Not Picked,N/A,N/A,No,No,2025-06-02 15:41:00
C0911,Facebook,Not Picked,N/A,N/A,No,No,2025-06-15 17:17:00
C0912,Facebook,Connected,Verified,Not Uploaded,No,No,2025-06-21 11:56:00
C0913,Google Ads,Connected,Verified,Not Uploaded,No,No,2025-06-13 06:27:00
C0914,Referral,Connected,Verified,Not Uploaded,No,No,2025-06-14 07:00:00
C0915,Facebook,Connected,Verified,Uploaded,Yes,Yes,2025-06-02 00:34:00
C0916,Facebook,Connected,Verified,Not Uploaded,No,No,2025-06-14 14:54:00
C0917,Google Ads,Not Picked,N/A,N/A,No,No,2025-06-03 00:55:00
C0918,Facebook,Connected,Not Verified,N/A,No,No,2025-06-19 04:03:00
C0919,Facebook,Not Picked,N/A,N/A,No,No,2025-06-18 00:00:00
C0920,Referral,Connected,Verified,Not Uploaded,No,No,2025-06-10 00:06:00
C0921,Google Ads,Connected,Not Verified,N/A,No,No,2025-06-14 10:24:00
C0922,WhatsApp,Connected,Verified,Not Uploaded,No,No,2025-06-21 02:18:00
C0923,Google Ads,Connected,Verified,Uploaded,Yes,No,2025-06-02 01:36:00
C0924,Referral,Connected,Verified,Not Uploaded,No,No,2025-06-10 14:50:00
C0925,Referral,Connected,Verified,Not Uploaded,No,No,2025-06-10 05:45:00
C0926,WhatsApp,Connected,Verified,Uploaded,Yes,No,2025-06-08 16:23:00
C0927,Website,Connected,Verified,Not Uploaded,No,No,2025-06-19 22:12:00
C0928,Facebook,Connected,Verified,Uploaded,No,No,2025-06-10 00:03:00
C0929,Facebook,Connected,Verified,Not Uploaded,No,No,2025-06-21 06:17:00
C0930,Facebook,Not Picked,N/A,N/A,No,No,2025-06-03 04:03:00
C0931,Google Ads,Connected,Verified,Uploaded,Yes,Yes,2025-06-13 20:07:00
C0932,Referral,Connected,Verified,Uploaded,Yes,Yes,2025-06-13 08:54:00
C0933,WhatsApp,Connected,Verified,Uploaded,Yes,Yes,2025-06-06 02:47:00
C0934,Referral,Connected,Not Verified,N/A,No,No,2025-06-08 23:54:00
C0935,Google Ads,Connected,Not Verified,N/A,No,No,2025-06-05 16:35:00
C0936,WhatsApp,Connected,Verified,Not Uploaded,No,No,2025-06-21 05:24:00
C0937,Website,Connected,Verified,Not Uploaded,No,No,2025-06-06 22:17:00
C0938,Website,Connected,Not Verified,N/A,No,No,2025-06-04 04:24:00
C0939,Google Ads,Connected,Not Verified,N/A,No,No,2025-06-12 08:09:00
C0940,Google Ads,Connected,Verified,Not Uploaded,No,No,2025-06-21 11:10:00
C0941,Google Ads,Connected,Verified,Not Uploaded,No,No,2025-06-11 18:30:00
C0942,Facebook,Not Picked,N/A,N/A,No,No,2025-06-11 09:04:00
C0943,Facebook,Connected,Not Verified,N/A,No,No,2025-06-15 00:08:00
C0944,Google Ads,Connected,Verified,Uploaded,Yes,Yes,2025-06-21 00:46:00
C0945,Website,Connected,Verified,Uploaded,Yes,Yes,2025-06-04 01:10:00
C0946,Google Ads,Connected,Verified,Uploaded,Yes,Yes,2025-06-19 08:14:00
C0947,Facebook,Connected,Verified,Uploaded,Yes,Yes,2025-06-13 16:42:00
C0948,Website,Connected,Verified,Uploaded,Yes,Yes,2025-06-04 19:44:00
C0949,WhatsApp,Connected,Verified,Not Uploaded,No,No,2025-06-02 18:22:00
C0950,Website,Connected,Verified,Uploaded,No,No,2025-06-18 02:48:00
C0951,Facebook,Not Picked,N/A,N/A,No,No,2025-06-11 18:24:00
C0952,WhatsApp,Connected,Verified,Uploaded,Yes,Yes,2025-06-15 15:00:00
C0953,Website,Connected,Not Verified,N/A,No,No,2025-06-20 17:55:00
C0954,Website,Connected,Not Verified,N/A,No,No,2025-06-03 23:16:00
C0955,Referral,Connected,Verified,Uploaded,Yes,Yes,2025-06-18 14:00:00
C0956,WhatsApp,Connected,Verified,Uploaded,Yes,No,2025-06-15 15:58:00
C0957,Referral,Connected,Verified,Uploaded,Yes,Yes,2025-06-16 01:19:00
C0958,Google Ads,Connected,Verified,Not Uploaded,No,No,2025-06-19 14:08:00
C0959,Referral,Connected,Verified,Not Uploaded,No,No,2025-06-14 00:14:00
C0960,Referral,Connected,Verified,Uploaded,Yes,Yes,2025-06-07 13:18:00
C0961,WhatsApp,Not Picked,N/A,N/A,No,No,2025-06-14 05:34:00
C0962,Google Ads,Connected,Verified,Uploaded,Yes,Yes,2025-06-07 08:29:00
C0963,Website,Connected,Verified,Uploaded,Yes,Yes,2025-06-12 21:01:00
C0964,Referral,Connected,Verified,Not Uploaded,No,No,2025-06-08 23:02:00
C0965,Facebook,Connected,Verified,Not Uploaded,No,No,2025-06-09 01:03:00
C0966,Facebook,Connected,Not Verified,N/A,No,No,2025-06-08 13:03:00
C0967,Google Ads,Connected,Verified,Not Uploaded,No,No,2025-06-19 11:06:00
C0968,Facebook,Connected,Verified,Not Uploaded,No,No,2025-06-15 20:20:00
C0969,Referral,Connected,Not Verified,N/A,No,No,2025-06-06 19:08:00
C0970,Referral,Connected,Not Verified,N/A,No,No,2025-06-20 16:08:00
C0971,Google Ads,Connected,Not Verified,N/A,No,No,2025-06-19 11:06:00
C0972,Google Ads,Connected,Verified,Uploaded,Yes,Yes,2025-06-14 03:18:00
C0973,Referral,Not Picked,N/A,N/A,No,No,2025-06-08 02:08:00
C0974,Website,Connected,Not Verified,N/A,No,No,2025-06-10 12:50:00
C0975,Website,Connected,Verified,Uploaded,Yes,No,2025-06-08 20:24:00
C0976,WhatsApp,Connected,Verified,Uploaded,Yes,No,2025-06-18 14:50:00
C0977,Website,Not Picked,N/A,N/A,No,No,2025-06-10 01:42:00
C0978,Referral,Connected,Verified,Not Uploaded,No,No,2025-06-05 11:30:00
C0979,Website,Connected,Verified,Not Uploaded,No,No,2025-06-21 12:44:00
C0980,Website,Connected,Verified,Uploaded,Yes,Yes,2025-06-14 07:51:00
C0981,Facebook,Connected,Verified,Uploaded,Yes,No,2025-06-16 13:46:00
C0982,WhatsApp,Not Picked,N/A,N/A,No,No,2025-06-20 16:31:00
C0983,Facebook,Connected,Verified,Uploaded,Yes,Yes,2025-06-16 19:57:00
C0984,Website,Connected,Verified,Uploaded,Yes,No,2025-06-13 17:20:00
C0985,Google Ads,Connected,Verified,Not Uploaded,No,No,2025-06-10 07:42:00
C0986,Google Ads,Connected,Not Verified,N/A,No,No,2025-06-12 20:24:00
C0987,WhatsApp,Connected,Not Verified,N/A,No,No,2025-06-20 08:24:00
C0988,Google Ads,Connected,Not Verified,N/A,No,No,2025-06-08 19:56:00
C0989,Facebook,Connected,Not Verified,N/A,No,No,2025-06-19 13:58:00
C0990,Facebook,Connected,Verified,Uploaded,Yes,Yes,2025-06-17 15:28:00
C0991,Facebook,Connected,Verified,Uploaded,Yes,No,2025-06-05 18:10:00
C0992,WhatsApp,Connected,Not Verified,N/A,No,No,2025-06-18 06:58:00
C0993,Website,Connected,Verified,Uploaded,Yes,Yes,2025-06-11 09:12:00
C0994,Referral,Not Picked,N/A,N/A,No,No,2025-06-20 12:44:00
C0995,WhatsApp,Not Picked,N/A,N/A,No,No,2025-06-02 07:01:00
C0996,Facebook,Connected,Verified,Not Uploaded,No,No,2025-06-03 14:21:00
C0997,Referral,Connected,Verified,Uploaded,Yes,Yes,2025-06-21 12:32:00
C0998,Website,Connected,Not Verified,N/A,No,No,2025-06-08 04:54:00
C0999,WhatsApp,Not Picked,N/A,N/A,No,No,2025-06-06 13:05:00
C1000,WhatsApp,Connected,Not Verified,N/A,No,No,2025-06-16 21:12:00
